id;title;content;jhi_date
1;Industrial;636f6e6e656374204d61726b657473204368696566;2019-05-17T00:29:16
2;National Awesome sky blue;54616374696373;2019-05-16T18:34:07
3;compress South Georgia and the South Sandwich Islands;636f6d70656c6c696e67206d697373696f6e2d637269746963616c;2019-05-17T01:48:46
4;Plastic;43617220496e647573747269616c2064656c6976657261626c6573;2019-05-17T05:21:37
5;24 hour;6f766572726964696e67;2019-05-16T21:52:22
6;application quantify Unbranded Plastic Tuna;496e7465726e616c;2019-05-16T18:26:12
7;Highway Ergonomic;6d6f7261746f7269756d206d6f7261746f7269756d;2019-05-16T21:19:37
8;withdrawal COM;656d627261636520446576656c6f706572;2019-05-16T18:27:49
9;hard drive Robust Networked;506f6c616e64;2019-05-17T04:34:35
10;Grocery;726564;2019-05-16T17:20:21
